,title,location,date,link
1,Service Coordinator," (Ipswich, MA)",Jan 23,https://boston.craigslist.org/nos/ofc/d/service-coordinator/6801728233.html
2,► OFFICE ASSISTANT IN BOSTON - Remote / Telecommute Optional◄, (Boston),Jan 23,https://boston.craigslist.org/gbs/ofc/d/office-assistant-in-boston-remote/6801684401.html
3,Senior Administrative Assistant, (Boston: Boston/Cambridge/Brookline),Jan 22,https://boston.craigslist.org/gbs/ofc/d/boston-senior-administrative-assistant/6801436111.html
4,"Administrative Assistant, Conformable Decoders", (Cambridge),Jan 22,https://boston.craigslist.org/gbs/ofc/d/cambridge-administrative-assistant/6801431025.html
5,Global Sourcing Coordinator," (Mansfield, MA)",Jan 22,https://boston.craigslist.org/gbs/ofc/d/mansfield-global-sourcing-coordinator/6801383011.html
6,Real estate company-  Full time office assistant, (North End- Boston),Jan 22,https://boston.craigslist.org/gbs/ofc/d/boston-real-estate-company-full-time/6801382598.html
7,College Admissions Executive Administrative Assistant, (Downtown Boston),Jan 22,https://boston.craigslist.org/gbs/ofc/d/boston-college-admissions-executive/6801378667.html
8,Office Administrator/Accounts Payable Clerk - Full Time Position, (Norwood),Jan 22,https://boston.craigslist.org/sob/ofc/d/norwood-office-administrator-accounts/6801332382.html
9,Receptionist," (Wellesley, MA)",Jan 22,https://boston.craigslist.org/bmw/ofc/d/newton-lower-falls-receptionist/6801315090.html
10,Case Manager, (medfield),Jan 22,https://boston.craigslist.org/sob/ofc/d/medfield-case-manager/6801307301.html
11,Seeking Administrative Assistant for Biotech Firm," (Boston, MA)",Jan 22,https://boston.craigslist.org/gbs/ofc/d/boston-seeking-administrative-assistant/6801281874.html
12,Office Coordinator," (Newburyport, MA)",Jan 22,https://boston.craigslist.org/nwb/ofc/d/newburyport-office-coordinator/6801268413.html
13,Automotive Service Assistant Manager, (Foxboro),Jan 22,https://boston.craigslist.org/bmw/ofc/d/south-walpole-automotive-service/6801224578.html
14,Assistant Portfolio Property Manager, (Boston/North Shore),Jan 22,https://boston.craigslist.org/nos/ofc/d/melrose-assistant-portfolio-property/6801177599.html
15,Administrative Assistance," (Lexington, MA)",Jan 22,https://boston.craigslist.org/nos/ofc/d/lexington-administrative-assistance/6801160955.html
16,Andover Asst Property Manager, (Merrimac Valley),Jan 22,https://boston.craigslist.org/nwb/ofc/d/andover-andover-asst-property-manager/6801153855.html
17,Office Administrator, (Port Jefferson),Jan 22,https://boston.craigslist.org/sob/ofc/d/braintree-office-administrator/6801135762.html
18,"Call Center/Customer Service Representatives Needed in Woburn, MA!", (Woburn),Jan 22,https://boston.craigslist.org/nwb/ofc/d/woburn-call-center-customer-service/6801131213.html
19,PT Administrative Assistant/Receptionist with Graphic Design Skills, (Harvard Square),Jan 22,https://boston.craigslist.org/gbs/ofc/d/cambridge-pt-administrative-assistant/6801128922.html
20,Sales Coordinator," (Braintree, MA)",Jan 22,https://boston.craigslist.org/sob/ofc/d/braintree-sales-coordinator/6801121150.html
21,Front Desk Receptionist / Administrative Assistant, (Roslindale),Jan 22,https://boston.craigslist.org/gbs/ofc/d/roslindale-front-desk-receptionist/6801105021.html
22,Weekend Leasing Consultant, (Waltham),Jan 22,https://boston.craigslist.org/gbs/ofc/d/waltham-weekend-leasing-consultant/6801069467.html
23,Client Service Representatives (Start as early as next week!), (Boston),Jan 22,https://boston.craigslist.org/gbs/ofc/d/boston-client-service-representatives/6801064524.html
24,Executive Assistant," (Waltham, MA)",Jan 22,https://boston.craigslist.org/gbs/ofc/d/waltham-executive-assistant/6801058260.html
25,Office Clerk (S_719590),N/A,Jan 22,https://boston.craigslist.org/sob/ofc/d/canton-office-clerk-s719590/6801057980.html
26,Office Manager Assistant, (Rowley),Jan 22,https://boston.craigslist.org/nos/ofc/d/rowley-office-manager-assistant/6801025577.html
27,Receptionist / Administrative Assistant," (Littleton, MA)",Jan 22,https://boston.craigslist.org/bmw/ofc/d/littleton-receptionist-administrative/6801012496.html
28,Experienced Executive Assistant, (Boston),Jan 22,https://boston.craigslist.org/gbs/ofc/d/boston-experienced-executive-assistant/6800989723.html
29,Medical Receptionist/Patient Coordinator," (Saugus, MA)",Jan 22,https://boston.craigslist.org/nos/ofc/d/saugus-medical-receptionist-patient/6800974463.html
30,Office Worker- Writer- Personal assistant, (Southshore),Jan 21,https://boston.craigslist.org/sob/ofc/d/brockton-office-worker-writer-personal/6800676389.html
31,Holistic Nutrition Company Hiring!, (Framingham Ma),Jan 21,https://boston.craigslist.org/bmw/ofc/d/framingham-holistic-nutrition-company/6800603300.html
32,Receptionist- Full Time," (Newton,  MA)",Jan 21,https://boston.craigslist.org/gbs/ofc/d/newton-receptionist-full-time/6800574536.html
33,Executive Assistant to President and Controller,N/A,Jan 21,https://boston.craigslist.org/gbs/ofc/d/boston-executive-assistant-to-president/6800534274.html
34,Bilingual (Spanish) office admin at law firm," (boston, ma)",Jan 21,https://boston.craigslist.org/gbs/ofc/d/boston-bilingual-spanish-office-admin/6800524672.html
35,Part Time Exec/Personal Assistant for Startup CEO, (salem),Jan 21,https://boston.craigslist.org/nos/ofc/d/salem-part-time-exec-personal-assistant/6800503614.html
36,Operations Assistant," (Billerica, MA)",Jan 21,https://boston.craigslist.org/nwb/ofc/d/billerica-operations-assistant/6800490790.html
37,DATA ENTRY SPECIALIST(CONTRACT), (Wellesley),Jan 21,https://boston.craigslist.org/bmw/ofc/d/wellesley-hills-data-entry/6800482661.html
38,Special Projects-Oriented EA Needed to Support CEO!," (Boston, MA)",Jan 21,https://boston.craigslist.org/gbs/ofc/d/special-projects-oriented-ea-needed-to/6800451312.html
39,Seeking Extraordinary Client Services and Education Coordinator, (Wellesley),Jan 21,https://boston.craigslist.org/bmw/ofc/d/seeking-extraordinary-client-services/6800438873.html
40,Customer Service Administrator-Dispatcher, (Sharon),Jan 21,https://boston.craigslist.org/sob/ofc/d/sharon-customer-service-administrator/6800388955.html
41,Patient Coordinator, (Jamaica Plain),Jan 21,https://boston.craigslist.org/gbs/ofc/d/jamaica-plain-patient-coordinator/6800310866.html
42,Part Time Office Help Needed, (Brockton),Jan 21,https://boston.craigslist.org/sob/ofc/d/west-bridgewater-part-time-office-help/6800227581.html
43,Full Time Home Care Program Coordinator/Bi-lingual," (Newton, MA)",Jan 21,https://boston.craigslist.org/gbs/ofc/d/full-time-home-care-program-coordinator/6800186052.html
44,Administrative / Office Assistant,N/A,Jan 21,https://boston.craigslist.org/sob/ofc/d/administrative-office-assistant/6800184221.html
45,Executive Assistant to the Director, (Cambridge),Jan 21,https://boston.craigslist.org/gbs/ofc/d/cambridge-executive-assistant-to-the/6800105656.html
46,Automotive Accounting Pro!," (Woburn, MA)",Jan 21,https://boston.craigslist.org/gbs/ofc/d/automotive-accounting-pro/6800085561.html
47,WEIGHT LOSS & CHIROPRACTIC CLINIC TEAM MEMBER, (Gloucester),Jan 21,https://boston.craigslist.org/nos/ofc/d/weight-loss-chiropractic-clinic-team/6800036695.html
48,Information Researcher - Android Users- Remote Position, (Boston),Jan 21,https://boston.craigslist.org/gbs/ofc/d/boston-information-researcher-android/6799999582.html
49,CHIROPRACTIC OFFICE ADMIN, (NEEDHAM),Jan 20,https://boston.craigslist.org/bmw/ofc/d/chiropractic-office-admin/6799919258.html
50,Administrative Assistant," (Roslindale, MA)",Jan 20,https://boston.craigslist.org/gbs/ofc/d/roslindale-administrative-assistant/6799787644.html
51,Start your new career with us, (Norwell),Jan 20,https://boston.craigslist.org/sob/ofc/d/norwell-start-your-new-career-with-us/6799395498.html
52,P/T Office Administrator, (Medford),Jan 19,https://boston.craigslist.org/gbs/ofc/d/medford-t-office-administrator/6799275807.html
53,Office admin/order processing - biotech company, (Lawrence MA),Jan 19,https://boston.craigslist.org/nwb/ofc/d/office-admin-order-processing-biotech/6799110815.html
54,Admin/mortgage processor, (Essex county),Jan 19,https://boston.craigslist.org/nwb/ofc/d/lawrence-admin-mortgage-processor/6798865530.html
55,Execuitive Assistant at Consulting Firm," (Boston, MA)",Jan 19,https://boston.craigslist.org/gbs/ofc/d/boston-execuitive-assistant-at/6798781754.html
56,Full Time Receptionist-Veterinary Hospital," (Newburyport, MA)",Jan 19,https://boston.craigslist.org/nos/ofc/d/newburyport-full-time-receptionist/6798743739.html
57,Part-Time Professional Office Administrator," (Canton, MA)",Jan 18,https://boston.craigslist.org/sob/ofc/d/canton-part-time-professional-office/6798385328.html
58,Part Time Administrative Assistant, (Boston: Boston/Cambridge/Brookline),Jan 18,https://boston.craigslist.org/gbs/ofc/d/cambridge-part-time-administrative/6798343535.html
59,Office Assistant," (Dedham, MA)",Jan 18,https://boston.craigslist.org/bmw/ofc/d/dedham-office-assistant/6798328995.html
60,Student Affairs Assistant, (Cambridge),Jan 18,https://boston.craigslist.org/gbs/ofc/d/student-affairs-assistant/6798314829.html
61,Executive Assistant to the VP of Finance   [6820_2217], (Boston),Jan 18,https://boston.craigslist.org/gbs/ofc/d/boston-executive-assistant-to-the-vp-of/6798311800.html
62,Bookkeeper wanted, (Braintree),Jan 18,https://boston.craigslist.org/sob/ofc/d/braintree-bookkeeper-wanted/6798250850.html
63,Temp to Hire Receptionist, (Boston: Boston/Cambridge/Brookline),Jan 18,https://boston.craigslist.org/gbs/ofc/d/boston-temp-to-hire-receptionist/6798232017.html
64,Account Rep/Bookkeeper, (South Shore),Jan 18,https://boston.craigslist.org/sob/ofc/d/account-rep-bookkeeper/6798173905.html
65,Staff Accounting/Administrative Assistant, (Boston),Jan 18,https://boston.craigslist.org/gbs/ofc/d/boston-staff-accounting-administrative/6798098827.html
66,Intake Coordinator,N/A,Jan 18,https://boston.craigslist.org/sob/ofc/d/stoughton-intake-coordinator/6798039903.html
67,Office Manager [INTERIM Feb-May; 20 hours/week), (East Boston),Jan 18,https://boston.craigslist.org/gbs/ofc/d/boston-office-manager-interim-feb-may/6797923197.html
68,HVAC Project Managers & Assistant Project Managers, (Weston MA),Jan 18,https://boston.craigslist.org/gbs/ofc/d/weston-hvac-project-managers-assistant/6797901939.html
69,Dental Office Manager, (West Roxbury),Jan 18,https://boston.craigslist.org/gbs/ofc/d/west-roxbury-dental-office-manager/6797899038.html
70,Customer Service Coordinator, (North Reading),Jan 18,https://boston.craigslist.org/nos/ofc/d/north-reading-customer-service/6797894338.html
71,Executive Assistant: Financial C-Suite,N/A,Jan 18,https://boston.craigslist.org/gbs/ofc/d/boston-executive-assistant-financial/6797858454.html
72,Office Administrator / Accounts Receivable Associate," (Beverly, MA)",Jan 18,https://boston.craigslist.org/nos/ofc/d/beverly-office-administrator-accounts/6797817123.html
73,Program Assistant - Higher Education, (Cambridge),Jan 17,https://boston.craigslist.org/gbs/ofc/d/cambridge-program-assistant-higher/6797691581.html
74,Sr. Administrative Assistant, (Boston: Boston/Cambridge/Brookline),Jan 17,https://boston.craigslist.org/gbs/ofc/d/cambridge-sr-administrative-assistant/6797608888.html
75,Legal Assistant up to 70K!, (Boston: Boston/Cambridge/Brookline),Jan 17,https://boston.craigslist.org/gbs/ofc/d/boston-legal-assistant-up-to-70k/6797565421.html
76,"Seeking Educated and IVY League Egg Donors, Earn up to $20,000!", (Thousand Oaks),Jan 17,https://boston.craigslist.org/gbs/ofc/d/thousand-oaks-seeking-educated-and-ivy/6797544967.html
77,Bookkeeper/Office Manager, (Weymouth),Jan 17,https://boston.craigslist.org/sob/ofc/d/weymouth-bookkeeper-office-manager/6797492472.html
78,office help in warehouse, (needham),Jan 17,https://boston.craigslist.org/bmw/ofc/d/newton-upper-falls-office-help-in/6797473110.html
79,LEGAL SECRETARY, (NORTH SHORE),Jan 17,https://boston.craigslist.org/nos/ofc/d/salisbury-legal-secretary/6797456477.html
80,Receptionist, (Cambridge),Jan 17,https://boston.craigslist.org/gbs/ofc/d/receptionist/6797448977.html
81,Executive Assistant -- Financial Services, (financial district),Jan 17,https://boston.craigslist.org/gbs/ofc/d/boston-executive-assistant-financial/6797444997.html
82,Office Manager at clean tech start up!, (Somerville),Jan 17,https://boston.craigslist.org/gbs/ofc/d/somerville-office-manager-at-clean-tech/6797438312.html
83,Administrative Assistant," (Shirley, MA)",Jan 17,https://boston.craigslist.org/bmw/ofc/d/shirley-administrative-assistant/6797425561.html
84,"Customer Service Representative In Billerica, MA!", (Billerica),Jan 17,https://boston.craigslist.org/nwb/ofc/d/billerica-customer-service/6797408855.html
85,Executive Assistant / Practice Coordinator- 75-90K  +bonus!, (Boston),Jan 17,https://boston.craigslist.org/gbs/ofc/d/boston-executive-assistant-practice/6797402180.html
86,Data Entry Clerk, (Marblehead),Jan 17,https://boston.craigslist.org/nos/ofc/d/marblehead-data-entry-clerk/6797364704.html
87,Shopping Center Research, (Burlington),Jan 17,https://boston.craigslist.org/bmw/ofc/d/burlington-shopping-center-research/6797357537.html
88,Temporary HR Admin Assistant, (Waltham),Jan 17,https://boston.craigslist.org/gbs/ofc/d/waltham-temporary-hr-admin-assistant/6797347470.html
89,Administrative Associate,N/A,Jan 17,https://boston.craigslist.org/gbs/ofc/d/boston-administrative-associate/6797327250.html
90,"Collections/Customer Service Representative Needed in Woburn, MA!", (Woburn),Jan 17,https://boston.craigslist.org/nwb/ofc/d/woburn-collections-customer-service/6797309986.html
91,Part-Time Administrative Assistant,N/A,Jan 17,https://boston.craigslist.org/gbs/ofc/d/boston-part-time-administrative/6797282095.html
92,Executive Assistant - Russian/English, (Newton Corner),Jan 17,https://boston.craigslist.org/gbs/ofc/d/newton-executive-assistant-russian/6797244863.html
93,Office Administrator," (Cambridge, MA)",Jan 17,https://boston.craigslist.org/gbs/ofc/d/cambridge-office-administrator/6797123365.html
94,"Receptionist Needed- Newton, Ma.",N/A,Jan 17,https://boston.craigslist.org/gbs/ofc/d/boston-receptionist-needed-newton-ma/6797115029.html
95,Office/Admin, (Chelsea/New England Produce  Center),Jan 17,https://boston.craigslist.org/nos/ofc/d/chelsea-office-admin/6797094487.html
96,Financial Administrative Assistant," (Brighton, MA)",Jan 17,https://boston.craigslist.org/gbs/ofc/d/brighton-financial-administrative/6797062096.html
97,Executive Assistant: Financial C-Suite,N/A,Jan 17,https://boston.craigslist.org/gbs/ofc/d/boston-executive-assistant-financial/6797039830.html
98,Personal Assistant/Helper, (191 Beach Road),Jan 17,https://boston.craigslist.org/nwb/ofc/d/salisbury-personal-assistant-helper/6797004294.html
99,Executive Assistant, (Boston: Boston/Cambridge/Brookline),Jan 16,https://boston.craigslist.org/gbs/ofc/d/cambridge-executive-assistant/6796790663.html
100,Part-time Administrative Position, (Winchester),Jan 16,https://boston.craigslist.org/bmw/ofc/d/winchester-part-time-administrative/6796762825.html
101,Ambulatory Services Representative, (Boston: Boston/Cambridge/Brookline),Jan 16,https://boston.craigslist.org/gbs/ofc/d/boston-ambulatory-services/6796746752.html
102,Administrative / Customer Service Position, (Woburn),Jan 16,https://boston.craigslist.org/nos/ofc/d/woburn-administrative-customer-service/6796675787.html
103,Office / Data Entry, (Braintree),Jan 16,https://boston.craigslist.org/sob/ofc/d/office-data-entry/6796645701.html
104,Office Coordinator - Temp to Hire in Boston, (Boston: Boston/Cambridge/Brookline),Jan 16,https://boston.craigslist.org/gbs/ofc/d/boston-office-coordinator-temp-to-hire/6796640837.html
105,"EA to President, Event Planning", (Boston),Jan 16,https://boston.craigslist.org/gbs/ofc/d/ea-to-president-event-planning/6796631834.html
106,Insurance Claim Representative, (Beverly),Jan 16,https://boston.craigslist.org/nos/ofc/d/beverly-insurance-claim-representative/6796619446.html
107,Receptionist/Sales Assistant, (Boston),Jan 16,https://boston.craigslist.org/sob/ofc/d/boston-receptionist-sales-assistant/6796583878.html
108,Receptionist & Administrative Assistant, (Beverly),Jan 16,https://boston.craigslist.org/nos/ofc/d/beverly-receptionist-administrative/6796580595.html
109,Human Resources Coordinator,N/A,Jan 16,https://boston.craigslist.org/gbs/ofc/d/boston-human-resources-coordinator/6796571529.html
110,Recruiter Needed,N/A,Jan 16,https://boston.craigslist.org/gbs/ofc/d/boston-recruiter-needed/6796559202.html
111,Cabinet Showroom Administrative Assistant, (Beverly),Jan 16,https://boston.craigslist.org/nos/ofc/d/beverly-cabinet-showroom-administrative/6796551083.html
112,Support/Administrative Staff Needed For Consulting Firm," (Needham Heights, MA)",Jan 16,https://boston.craigslist.org/bmw/ofc/d/needham-support-administrative-staff/6796548451.html
113,Receptionist/Admin, (Brookline),Jan 16,https://boston.craigslist.org/gbs/ofc/d/brookline-receptionist-admin/6796542787.html
114,Office Manager," (Wakefield, MA)",Jan 16,https://boston.craigslist.org/nos/ofc/d/wakefield-office-manager/6796542051.html
115,Event Coordinator Part Time," (Boston, MA)",Jan 16,https://boston.craigslist.org/gbs/ofc/d/boston-event-coordinator-part-time/6796528200.html
116,OFFICE ASSISTANT/CLIENT SERVICE COORDINATOR, (Back Bay),Jan 16,https://boston.craigslist.org/gbs/ofc/d/office-assistant-client-service/6796475112.html
117,Office Administrator," (Bedford, MA)",Jan 16,https://boston.craigslist.org/bmw/ofc/d/bedford-office-administrator/6796449882.html
118,Evening Customer Service Representative, (Auburndale),Jan 16,https://boston.craigslist.org/gbs/ofc/d/waltham-evening-customer-service/6796418343.html
119,Work-Life Resource Assistant, (Framingham),Jan 16,https://boston.craigslist.org/bmw/ofc/d/framingham-work-life-resource-assistant/6796398847.html
120,Administrative Assistant,N/A,Jan 16,https://boston.craigslist.org/gbs/ofc/d/boston-administrative-assistant/6796351054.html
121,Office Manager, (Boston: Boston/Cambridge/Brookline),Jan 16,https://boston.craigslist.org/gbs/ofc/d/boston-office-manager/6796264441.html
122,Dispatcher for HVAC Company, (North Billerica MA),Jan 16,https://boston.craigslist.org/nwb/ofc/d/north-billerica-dispatcher-for-hvac/6796249477.html
123,Seafood Processing Plant Seeks Maintenance Clerk,N/A,Jan 16,https://boston.craigslist.org/gbs/ofc/d/boston-seafood-processing-plant-seeks/6796247833.html
124,Office Manager,N/A,Jan 16,https://boston.craigslist.org/gbs/ofc/d/boston-office-manager/6796235747.html
125,Office Manager Needed,N/A,Jan 16,https://boston.craigslist.org/gbs/ofc/d/boston-office-manager-needed/6796228805.html
126,Executive Assistant - Dean's office, (Cambridge),Jan 16,https://boston.craigslist.org/gbs/ofc/d/cambridge-executive-assistant-deans/6796225803.html
127,Admin Assistant Needed in Watertown, (Watertown),Jan 15,https://boston.craigslist.org/gbs/ofc/d/watertown-admin-assistant-needed-in/6795986025.html
128,Recruiting Assistant to $62k Plus Bonus!, (Boston: Boston/Cambridge/Brookline),Jan 15,https://boston.craigslist.org/gbs/ofc/d/boston-recruiting-assistant-to-62k-plus/6795910989.html
129,Executive Assistant to $75k, (Boston: Boston/Cambridge/Brookline),Jan 15,https://boston.craigslist.org/gbs/ofc/d/boston-executive-assistant-to-75k/6795910961.html
130,Property Coordinator, (Boston: Boston/Cambridge/Brookline),Jan 15,https://boston.craigslist.org/gbs/ofc/d/boston-property-coordinator/6795910922.html
131,*****Receptionist /Office/admin******FULL-TIME ****, (CHELSEA),Jan 15,https://boston.craigslist.org/nos/ofc/d/chelsea-receptionist-office-adminfull/6795907915.html
132,Dental Part-Time Front Desk Needed, (BOSTON),Jan 15,https://boston.craigslist.org/gbs/ofc/d/boston-dental-part-time-front-desk/6795880983.html
133,Database Administrative Assistant- up to 43K +GREAT Benefits!, (Boston),Jan 15,https://boston.craigslist.org/gbs/ofc/d/boston-database-administrative/6795859542.html
134,Administrative Case Coordinator, (Newton Corner),Jan 15,https://boston.craigslist.org/gbs/ofc/d/newton-administrative-case-coordinator/6795855332.html
135,Non-Profit Office Assistant, (Quincy),Jan 15,https://boston.craigslist.org/gbs/ofc/d/non-profit-office-assistant/6795819488.html
136,Executive Assistant to the CEO, (financial district),Jan 15,https://boston.craigslist.org/gbs/ofc/d/executive-assistant-to-the-ceo/6795818040.html
137,HVAC Service  Office Assistant, (Malden),Jan 15,https://boston.craigslist.org/nos/ofc/d/malden-hvac-service-office-assistant/6795771533.html
138,Scheduling Coordinator in Back Bay, (Boston: Boston/Cambridge/Brookline),Jan 15,https://boston.craigslist.org/gbs/ofc/d/boston-scheduling-coordinator-in-back/6795748546.html
139,Office Manager for Optical Engineering company, (Southborough),Jan 15,https://boston.craigslist.org/bmw/ofc/d/fayville-office-manager-for-optical/6795705018.html
140,Receptionist/Office Admin, (Malden),Jan 15,https://boston.craigslist.org/nos/ofc/d/malden-receptionist-office-admin/6795687900.html
141,Office/Admin, (Woburn),Jan 15,https://boston.craigslist.org/nos/ofc/d/woburn-office-admin/6795672277.html
142,Administrative Assistant - Estimating Department - Part-time," (Westford, MA)",Jan 15,https://boston.craigslist.org/nwb/ofc/d/westford-administrative-assistant/6795656524.html
143,Billing Associate, (Boston: Boston/Cambridge/Brookline),Jan 15,https://boston.craigslist.org/gbs/ofc/d/cambridge-billing-associate/6795551678.html
144,Administrative Assistant, (Chelsea),Jan 15,https://boston.craigslist.org/gbs/ofc/d/chelsea-administrative-assistant/6795546488.html
145,Inside Sales Representative, (Danvers),Jan 15,https://boston.craigslist.org/nos/ofc/d/danvers-inside-sales-representative/6795539883.html
146,Admin Needed; Great Opportunity!, (Tewksbury),Jan 15,https://boston.craigslist.org/nwb/ofc/d/wilmington-admin-needed-great/6795527653.html
147,Part-Time Administrative Assistant,N/A,Jan 15,https://boston.craigslist.org/gbs/ofc/d/boston-part-time-administrative/6795452875.html
148,Part time Personal Asst/Household Manager," (Boston, MA (Beacon Hill))",Jan 15,https://boston.craigslist.org/gbs/ofc/d/boston-part-time-personal-asst/6795451739.html
149,Receptionist / Administrative Assistant," (Littleton, MA)",Jan 15,https://boston.craigslist.org/nwb/ofc/d/littleton-receptionist-administrative/6795433889.html
150,Warehouse Assistant - full time with BENEFITS!,N/A,Jan 15,https://boston.craigslist.org/gbs/ofc/d/boston-warehouse-assistant-full-time/6795410068.html
151,***** Looking for PATIENT COORDINATOR ****** Join our Great team!, (BURLINGTON),Jan 15,https://boston.craigslist.org/nwb/ofc/d/burlington-looking-for-patient/6795402675.html
152,Automotive Accounting Pro!," (Woburn, MA)",Jan 15,https://boston.craigslist.org/gbs/ofc/d/automotive-accounting-pro/6795389617.html
153,EA to Senior Manager, (financial district),Jan 15,https://boston.craigslist.org/gbs/ofc/d/boston-ea-to-senior-manager/6795381326.html
154,HIRING EVENT FOR CALL CENTER/CUSTOMER SERVICE!, (Woburn),Jan 15,https://boston.craigslist.org/nos/ofc/d/woburn-hiring-event-for-call-center/6795345303.html
155,Weekend Receptionist - 2663BR," (Cambridge, CA)",Jan 14,https://boston.craigslist.org/gbs/ofc/d/cambridge-weekend-receptionist-2663br/6795179789.html
156,Part-Time Shipping Manager - e-commerce company, (Chelmsford),Jan 14,https://boston.craigslist.org/nwb/ofc/d/part-time-shipping-manager-commerce/6795036227.html
157,Executive Assistant,N/A,Jan 14,https://boston.craigslist.org/gbs/ofc/d/boston-executive-assistant/6795003110.html
158,Administrative Assistant/Reception,N/A,Jan 14,https://boston.craigslist.org/gbs/ofc/d/boston-administrative-assistant/6794984888.html
159,Full-time Personal Lines Customer Service Representative," (Cambridge, MA)",Jan 14,https://boston.craigslist.org/gbs/ofc/d/cambridge-full-time-personal-lines/6794981183.html
160,"Office Administrative Assistant, Major University", (Boston),Jan 14,https://boston.craigslist.org/gbs/ofc/d/office-administrative-assistant-major/6794979963.html
161,Administrative Associate," (Waltham, MA)",Jan 14,https://boston.craigslist.org/gbs/ofc/d/administrative-associate/6794973589.html
162,Executive Assistant to Cambridge Researcher,N/A,Jan 14,https://boston.craigslist.org/gbs/ofc/d/cambridge-executive-assistant-to/6794972570.html
163,HIRING EVENT FOR CALL CENTER/CUSTOMER SERVICE!, (Wobur),Jan 14,https://boston.craigslist.org/nwb/ofc/d/woburn-hiring-event-for-call-center/6794969831.html
164,Senior Customer Service Representative, (Boston),Jan 14,https://boston.craigslist.org/gbs/ofc/d/boston-senior-customer-service/6794967130.html
165,Customer Relations Specialist - Braintree, (Braintree),Jan 14,https://boston.craigslist.org/sob/ofc/d/braintree-customer-relations-specialist/6794949539.html
166,Senior Administrative Assistant, (Boston: Boston/Cambridge/Brookline),Jan 14,https://boston.craigslist.org/gbs/ofc/d/boston-senior-administrative-assistant/6794946617.html
167,Administrative Assistant, (Boston: Boston/Cambridge/Brookline),Jan 14,https://boston.craigslist.org/gbs/ofc/d/boston-administrative-assistant/6794946572.html
168,Biotech Manufacturing Company Needs Senior Admin- up to $75k!!," (Boston, MA)",Jan 14,https://boston.craigslist.org/gbs/ofc/d/boston-biotech-manufacturing-company/6794945557.html
169,Administrative / Office Assistant,N/A,Jan 14,https://boston.craigslist.org/sob/ofc/d/administrative-office-assistant/6794938915.html
170,Start the year with a new career!, (Boston),Jan 14,https://boston.craigslist.org/gbs/ofc/d/boston-start-the-year-with-new-career/6794899127.html
171,Receptionist/Administrative Assistant, (Chelsea),Jan 14,https://boston.craigslist.org/nos/ofc/d/chelsea-receptionist-administrative/6794879930.html
172,Lockbox Mail Floor Coordinator, (Medford),Jan 14,https://boston.craigslist.org/gbs/ofc/d/lockbox-mail-floor-coordinator/6794871119.html
173,BMW Shop Assistant," (Peabody, MA)",Jan 14,https://boston.craigslist.org/nos/ofc/d/peabody-bmw-shop-assistant/6794867206.html
174,Part Time Office Assistant," (Burlington, MA)",Jan 14,https://boston.craigslist.org/nos/ofc/d/burlington-part-time-office-assistant/6794832232.html
175,Executive Assistant, (Boston: Boston/Cambridge/Brookline),Jan 14,https://boston.craigslist.org/gbs/ofc/d/cambridge-executive-assistant/6794829491.html
176,Office Assistant (Accounting)," (Walpole, MA)",Jan 14,https://boston.craigslist.org/bmw/ofc/d/walpole-office-assistant-accounting/6794769785.html
177,Part-time Housekeeper needed for Office Space Downtown," (Boston, MA)",Jan 14,https://boston.craigslist.org/gbs/ofc/d/boston-part-time-housekeeper-needed-for/6794766193.html
178,Administrative Assistant (S_721335),N/A,Jan 14,https://boston.craigslist.org/nos/ofc/d/burlington-administrative-assistant/6794729952.html
179,Healthcare Front Desk," (Arlington, MA)",Jan 14,https://boston.craigslist.org/gbs/ofc/d/arlington-healthcare-front-desk/6794715603.html
180,FT Administrative/Intake Coordinator," (Newburyport, MA)",Jan 14,https://boston.craigslist.org/nos/ofc/d/newburyport-ft-administrative-intake/6794650128.html
181,"120k ""Hands-On"" Executive Assistant Needed to Join Our Team!"," (Cambridge, MA)",Jan 14,https://boston.craigslist.org/gbs/ofc/d/cambridge-120k-hands-on-executive/6794600194.html
182,Office Administrator," (Shrewsbury, MA)",Jan 14,https://boston.craigslist.org/bmw/ofc/d/shrewsbury-office-administrator/6794545560.html
183,Executive Assistant - First Hire to CEO in Biotech Office!," (Cambridge, MA)",Jan 14,https://boston.craigslist.org/gbs/ofc/d/cambridge-executive-assistant-first/6794519975.html
184,PT Administrative Assistant/Receptionist with Graphic Design Skills, (Harvard Square),Jan 14,https://boston.craigslist.org/gbs/ofc/d/cambridge-pt-administrative-assistant/6794506097.html
185,EA to Director - Well Known Hospital in Boston,N/A,Jan 14,https://boston.craigslist.org/gbs/ofc/d/jamaica-plain-ea-to-director-well-known/6794486910.html
186,Front desk receptionist, (MARBLEHEAD),Jan 14,https://boston.craigslist.org/nos/ofc/d/marblehead-front-desk-receptionist/6794481958.html
187,HIRING EVENT FOR CALL CENTER/CUSTOMER SERVICE!, (Woburn),Jan 14,https://boston.craigslist.org/nwb/ofc/d/woburn-hiring-event-for-call-center/6794478302.html
188,Office Administrator, (Marblehead),Jan 14,https://boston.craigslist.org/nos/ofc/d/marblehead-office-administrator/6794434619.html
189,Administrative Assistant, (Cambridge),Jan 13,https://boston.craigslist.org/gbs/ofc/d/cambridge-administrative-assistant/6793833704.html
190,Executive Assistant *Marketing and Project Management Components," (Boston, MA)",Jan 12,https://boston.craigslist.org/gbs/ofc/d/executive-assistant-marketing-and/6793651132.html
191,Administrative/Operations Assistant Wanted at Mission-Driven Biotech!," (Cambridge, MA)",Jan 12,https://boston.craigslist.org/gbs/ofc/d/administrative-operations-assistant/6793650050.html
192,Receptionist/Part time, (Manchester-by-the-Sea),Jan 12,https://boston.craigslist.org/nos/ofc/d/manchester-receptionist-part-time/6793647983.html
193,Temporary Help for Accounting Firm for Busy Season," (Wellesley Hills, MA)",Jan 12,https://boston.craigslist.org/bmw/ofc/d/newton-lower-falls-temporary-help-for/6793430035.html
194,Shipping Support Agent, (ROSLINDALE),Jan 12,https://boston.craigslist.org/gbs/ofc/d/roslindale-shipping-support-agent/6793290331.html
195,Office Manager, (Danvers),Jan 12,https://boston.craigslist.org/nos/ofc/d/danvers-office-manager/6793130764.html
196,Semi-retired (55 year old) Executive needs Personal Assistant, (Marblehead),Jan 11,https://boston.craigslist.org/nos/ofc/d/marblehead-semi-retired-55-year-old/6792809058.html
197,"Assist author: social media, admin, launch of high-profile book", (Cambridge),Jan 11,https://boston.craigslist.org/gbs/ofc/d/cambridge-assist-author-social-media/6792802209.html
198,Operations Assistant in North Shore, (Boston: North Shore),Jan 11,https://boston.craigslist.org/nos/ofc/d/peabody-operations-assistant-in-north/6792777579.html
199,Now Hiring: HVAC Dispatcher/Customer Service Rep., (Tewksbury),Jan 11,https://boston.craigslist.org/nwb/ofc/d/now-hiring-hvac-dispatcher-customer/6792753953.html
200,Office Administrator/Receptionist, (Boston),Jan 11,https://boston.craigslist.org/gbs/ofc/d/boston-office-administrator-receptionist/6792727391.html
201,Personal Assistant Needed," (Cambridge, MA)",Jan 11,https://boston.craigslist.org/gbs/ofc/d/allston-personal-assistant-needed/6792680214.html
202,Bilingual Receptionist/Admin Assistant - Family Focused Agency, (Boston),Jan 11,https://boston.craigslist.org/gbs/ofc/d/boston-bilingual-receptionist-admin/6792672221.html
203,Data Entry Assistant, (Waltham),Jan 11,https://boston.craigslist.org/gbs/ofc/d/waltham-data-entry-assistant/6792641457.html
204,Inbound Mail Analyst, (Waltham),Jan 11,https://boston.craigslist.org/gbs/ofc/d/waltham-inbound-mail-analyst/6792641416.html
205,Operations Associate - Psychology Practice (Newton Watertown),N/A,Jan 11,https://boston.craigslist.org/gbs/ofc/d/operations-associate-psychology/6792625891.html
206,Intake Coordinator - Psychology Practice, (Financial District),Jan 11,https://boston.craigslist.org/gbs/ofc/d/boston-intake-coordinator-psychology/6792624745.html
207,Operations Associate, (Financial District),Jan 11,https://boston.craigslist.org/gbs/ofc/d/boston-operations-associate/6792621531.html
208,Front Office Receptionist, (Lowell),Jan 11,https://boston.craigslist.org/nwb/ofc/d/lowell-front-office-receptionist/6792584192.html
209,Compliance Assistant, (Plymouth),Jan 11,https://boston.craigslist.org/sob/ofc/d/north-pembroke-compliance-assistant/6792550978.html
210,Office Assistant," (North Billerica, MA)",Jan 11,https://boston.craigslist.org/gbs/ofc/d/north-billerica-office-assistant/6792543997.html
211,Senior Administrative Associate," (Boston, MA)",Jan 11,https://boston.craigslist.org/gbs/ofc/d/boston-senior-administrative-associate/6792542883.html
212,Administrative Assistant," (Needham, MA)",Jan 11,https://boston.craigslist.org/gbs/ofc/d/needham-administrative-assistant/6792508766.html
213,Part-Time Office Administrator, (Boston),Jan 11,https://boston.craigslist.org/gbs/ofc/d/boston-part-time-office-administrator/6792435522.html
214,Wonderful Administrative Opportunity, (Hopkinton),Jan 11,https://boston.craigslist.org/bmw/ofc/d/hopkinton-wonderful-administrative/6792408807.html
215,Administrative/ Office Manager, (Boston: South Shore),Jan 11,https://boston.craigslist.org/sob/ofc/d/lakeville-administrative-office-manager/6792405523.html
216,Spanish - English interpreter at our office, (Westford),Jan 11,https://boston.craigslist.org/bmw/ofc/d/westford-spanish-english-interpreter-at/6792397808.html
217,Assistant Property Manager, (Brookline),Jan 11,https://boston.craigslist.org/gbs/ofc/d/brookline-assistant-property-manager/6792395879.html
218,HIRING EVENT FOR CALL CENTER/CUSTOMER SERVICE!, (Woburn),Jan 11,https://boston.craigslist.org/nos/ofc/d/woburn-hiring-event-for-call-center/6792373198.html
219,Project Support Coordinator," (Lexington, MA)",Jan 11,https://boston.craigslist.org/gbs/ofc/d/lexington-project-support-coordinator/6792372722.html
220,Insurance Agency- Customer Service Representative, (Saugus MA),Jan 11,https://boston.craigslist.org/nos/ofc/d/saugus-insurance-agency-customer/6792342394.html
221,Personal / Executive Assistant to Super Cool High Profile Investor,N/A,Jan 11,https://boston.craigslist.org/gbs/ofc/d/san-francisco-personal-executive/6792325301.html
222,Administrative / Office Assistant,N/A,Jan 11,https://boston.craigslist.org/sob/ofc/d/administrative-office-assistant/6792308449.html
223,Part Time Book Keeper/Admin, (Milton),Jan 11,https://boston.craigslist.org/gbs/ofc/d/milton-part-time-book-keeper-admin/6792295519.html
224,Medical Billing Coordinator, (Framingham),Jan 11,https://boston.craigslist.org/bmw/ofc/d/framingham-medical-billing-coordinator/6792257749.html
225,Experienced EA - Assistant to CFO needed,N/A,Jan 11,https://boston.craigslist.org/gbs/ofc/d/boston-experienced-ea-assistant-to-cfo/6792227042.html
226,Administrative Assistant, (Billerica),Jan 11,https://boston.craigslist.org/gbs/ofc/d/nutting-lake-administrative-assistant/6792225638.html
227,Part time Clerical Assistant (temporary position), (Wellesley),Jan 11,https://boston.craigslist.org/bmw/ofc/d/wellesley-hills-part-time-clerical/6792224142.html
228,Admin Assist./ Front desk ( Must Speak Portuguese)," (Malden, MA)",Jan 10,https://boston.craigslist.org/gbs/ofc/d/admin-assist-front-desk-must-speak/6791987322.html
229,Administrative Assistant, (NEEDHAM),Jan 10,https://boston.craigslist.org/bmw/ofc/d/newton-upper-falls-administrative/6791981472.html
230,Office Manager (Must speak Portuguese & Spanish),N/A,Jan 10,https://boston.craigslist.org/gbs/ofc/d/office-manager-must-speak-portuguese/6791975749.html
231,Administrative Assistant, (Boston: Boston/Cambridge/Brookline),Jan 10,https://boston.craigslist.org/gbs/ofc/d/boston-administrative-assistant/6791883303.html
232,HIRING EVENT FOR CALL CENTER/CUSTOMER SERVICE!, (Woburn),Jan 10,https://boston.craigslist.org/nwb/ofc/d/woburn-hiring-event-for-call-center/6791821422.html
233,"Executive Assistant - Consulting Firm, up to $80/k",N/A,Jan 10,https://boston.craigslist.org/gbs/ofc/d/boston-executive-assistant-consulting/6791819559.html
234,Accounts Payable/ Accounts Receivable, (New Bedford MA),Jan 10,https://boston.craigslist.org/sob/ofc/d/new-bedford-accounts-payable-accounts/6791741193.html
235,Receptionist/Administrative Assistant," (45 Bromfield Street Boston, MA)",Jan 10,https://boston.craigslist.org/gbs/ofc/d/boston-receptionist-administrative/6791728916.html
236,Part-Time Administrative Assistant,N/A,Jan 10,https://boston.craigslist.org/gbs/ofc/d/boston-part-time-administrative/6791703854.html
237,Executive Assistant, (Beverly),Jan 10,https://boston.craigslist.org/nos/ofc/d/beverly-executive-assistant/6791628015.html
238,"Part time BU, NE,BCB, Berklee, or Simmons Student Assistant Wanted NOW", (Fenway/Kenmore),Jan 10,https://boston.craigslist.org/gbs/ofc/d/part-time-bu-nebcb-berklee-or-simmons/6791609019.html
239,Part Time Events Assistant - MetroWest, (Waltham),Jan 10,https://boston.craigslist.org/gbs/ofc/d/waltham-part-time-events-assistant/6791576376.html
240,Executive Assistant for Growing Biotech!," (Waltham, MA)",Jan 10,https://boston.craigslist.org/bmw/ofc/d/north-waltham-executive-assistant-for/6791574449.html
241,Full Time Homecare Program Coordinator/Bi-lingual," (Newton, MA)",Jan 10,https://boston.craigslist.org/gbs/ofc/d/full-time-homecare-program-coordinator/6791546496.html
242,Receptionist- Full Time," (Newton, , MA)",Jan 10,https://boston.craigslist.org/gbs/ofc/d/newton-receptionist-full-time/6791542072.html
243,Office Administrator, (Boston),Jan 10,https://boston.craigslist.org/gbs/ofc/d/boston-office-administrator/6791540042.html
244,QuickBooks Bookkeeping Office Admin Job Training and Certifications," (Woburn & Dorchester/Milton, MA)",Jan 10,https://boston.craigslist.org/gbs/ofc/d/quickbooks-bookkeeping-office-admin-job/6791508829.html
245,Secretary, (Bedford - MA),Jan 10,https://boston.craigslist.org/gbs/ofc/d/bedford-secretary/6791503382.html
246,Office Manager - Meadhall, (Kendall Sq - Cambridge),Jan 10,https://boston.craigslist.org/gbs/ofc/d/cambridge-office-manager-meadhall/6791497397.html
247,Part time office manager/Bookkeeper, (Framingham),Jan 10,https://boston.craigslist.org/bmw/ofc/d/framingham-part-time-office-manager/6791366742.html
248,Creative Salon Coordinator Needed for Innovative Salon," (Boston, MA)",Jan 10,https://boston.craigslist.org/gbs/ofc/d/boston-creative-salon-coordinator/6791491177.html
249,HIRING EVENT FOR CALL CENTER/CUSTOMER SERVICE!, (Woburn),Jan 10,https://boston.craigslist.org/nwb/ofc/d/woburn-hiring-event-for-call-center/6791465833.html
250,Administrative Assistant,N/A,Jan 10,https://boston.craigslist.org/gbs/ofc/d/woburn-administrative-assistant/6791433889.html
251,Automotive Accounting Pro!," (Woburn, MA)",Jan 10,https://boston.craigslist.org/gbs/ofc/d/automotive-accounting-pro/6791432476.html
252,Full Time Administrator," (Somerville, MA)",Jan 10,https://boston.craigslist.org/gbs/ofc/d/somerville-full-time-administrator/6791394255.html
253,Medical Biller and Coder, (Waltham),Jan 10,https://boston.craigslist.org/gbs/ofc/d/waltham-medical-biller-and-coder/6791376355.html
254,Data entry specialist, (Needham),Jan 10,https://boston.craigslist.org/bmw/ofc/d/needham-data-entry-specialist/6791370470.html
255,Temporary Executive Assistant, (Boston: Boston/Cambridge/Brookline),Jan  9,https://boston.craigslist.org/gbs/ofc/d/cambridge-temporary-executive-assistant/6791155436.html
256,Senior Administrative Assistant, (Boston: Boston/Cambridge/Brookline),Jan  9,https://boston.craigslist.org/gbs/ofc/d/boston-senior-administrative-assistant/6791111970.html
257,Office Assistant, (Danvers),Jan  9,https://boston.craigslist.org/nos/ofc/d/danvers-office-assistant/6791093114.html
258,Part Time Snackologist & Client Support Team Member @CIC, (Kendall Square),Jan  9,https://boston.craigslist.org/gbs/ofc/d/cambridge-part-time-snackologist-client/6791045467.html
259,Receptionist, (Boston: Boston/Cambridge/Brookline),Jan  9,https://boston.craigslist.org/gbs/ofc/d/boston-receptionist/6791007001.html
260,Executive Assistant to the CIO,N/A,Jan  9,https://boston.craigslist.org/gbs/ofc/d/boston-executive-assistant-to-the-cio/6791000290.html
261,Assistant Residential Superindendent, (Greater Boston),Jan  9,https://boston.craigslist.org/gbs/ofc/d/milton-assistant-residential/6790979865.html
262,Residential Project Manager, (Greater Boston),Jan  9,https://boston.craigslist.org/gbs/ofc/d/milton-residential-project-manager/6790979302.html
263,Residential Superintendent, (Greater Boston),Jan  9,https://boston.craigslist.org/gbs/ofc/d/milton-residential-superintendent/6790972964.html
264,Field Interviewer,N/A,Jan  9,https://boston.craigslist.org/gbs/ofc/d/boston-field-interviewer/6790958356.html
265,Executive Assistant / Office Manager- Temp! - up to $23/hr., (North of Boston),Jan  9,https://boston.craigslist.org/nos/ofc/d/boston-executive-assistant-office/6790950886.html
266,Executive Administrator-Investment Management-up to $25-$30/hour-Temp, (North of Boston),Jan  9,https://boston.craigslist.org/nos/ofc/d/boston-executive-administrator/6790929311.html
267,Admissions Counselor," (Woburn, MA)",Jan  9,https://boston.craigslist.org/nos/ofc/d/boston-admissions-counselor/6790903729.html
268,Office Manager - Part Time, (Wilmington),Jan  9,https://boston.craigslist.org/nos/ofc/d/office-manager-part-time/6790845736.html
269,Field Interviewer," (Salem, MA)",Jan  9,https://boston.craigslist.org/gbs/ofc/d/salem-field-interviewer/6790799763.html
270,Part Time Bookkeeper Real Estate Management and Development Firm, (South Boston),Jan  9,https://boston.craigslist.org/gbs/ofc/d/boston-part-time-bookkeeper-real-estate/6790778866.html
271,Medical Device Firm Seeks Recruiting Coordinator," (Waltham, MA)",Jan  9,https://boston.craigslist.org/bmw/ofc/d/waltham-medical-device-firm-seeks/6790771852.html
272,Office Service Adviser and Customer Service Representative, (Auto-Tec Shadley Brothers),Jan  9,https://boston.craigslist.org/sob/ofc/d/whitman-office-service-adviser-and/6790702276.html
273,Experienced Receptionist - Full Time, (Watertown MA),Jan  9,https://boston.craigslist.org/gbs/ofc/d/watertown-experienced-receptionist-full/6790701492.html
274,RECEPTIONIST, (Downtown Boston),Jan  9,https://boston.craigslist.org/gbs/ofc/d/receptionist/6790662202.html
275,DME Medical  Biller  part time, (MALDEN),Jan  9,https://boston.craigslist.org/gbs/ofc/d/malden-dme-medical-biller-part-time/6790640938.html
276,Executive Assistant, (Boston: Boston/Cambridge/Brookline),Jan  9,https://boston.craigslist.org/gbs/ofc/d/boston-executive-assistant/6790633772.html
277,Operations Coordinator (S_720119),N/A,Jan  9,https://boston.craigslist.org/gbs/ofc/d/boston-operations-coordinator-s720119/6790627296.html
278,Executive Assistant (S_720021),N/A,Jan  9,https://boston.craigslist.org/nos/ofc/d/boston-executive-assistant-s720021/6790625722.html
279,Customer Service Openings!,N/A,Jan  9,https://boston.craigslist.org/sob/ofc/d/accord-customer-service-openings/6790624004.html
280,Reservations Support Agent," (West Concord, MA)",Jan  9,https://boston.craigslist.org/bmw/ofc/d/maynard-reservations-support-agent/6790602708.html
281,Receptionist - Bilingual, (Boston),Jan  9,https://boston.craigslist.org/gbs/ofc/d/boston-receptionist-bilingual/6790585512.html
282,Executive Assistant to VP of Marketing,N/A,Jan  9,https://boston.craigslist.org/gbs/ofc/d/boston-executive-assistant-to-vp-of/6790581689.html
283,Claims Rep,N/A,Jan  9,https://boston.craigslist.org/gbs/ofc/d/boston-claims-rep/6790569699.html
284,Treatment Coordinator, (Ashland),Jan  9,https://boston.craigslist.org/bmw/ofc/d/ashland-treatment-coordinator/6790504219.html
285,Office Coordinator, (Hingham),Jan  8,https://boston.craigslist.org/sob/ofc/d/hingham-office-coordinator/6790352626.html
286,Part-Time Office Work, (Cambridge),Jan  8,https://boston.craigslist.org/gbs/ofc/d/cambridge-part-time-office-work/6790344488.html
287,Executive Assistant/Personal Assistant, (Boston: Boston/Cambridge/Brookline),Jan  8,https://boston.craigslist.org/gbs/ofc/d/boston-executive-assistant-personal/6790329904.html
288,Receptionist/Office help, (Framingham),Jan  8,https://boston.craigslist.org/gbs/ofc/d/framingham-receptionist-office-help/6790320869.html
289,***Office Assistant*** $18/hr, (Braintree),Jan  8,https://boston.craigslist.org/sob/ofc/d/braintree-office-assistant-18-hr/6790320317.html
290,Temp to Hire Sr. Office Manager, (Boston: Boston/Cambridge/Brookline),Jan  8,https://boston.craigslist.org/gbs/ofc/d/cambridge-temp-to-hire-sr-office-manager/6790285287.html
291,Temporary Delivery Specialist, (Boston: Boston/Cambridge/Brookline),Jan  8,https://boston.craigslist.org/gbs/ofc/d/boston-temporary-delivery-specialist/6790285247.html
292,Office manager, (Malden),Jan  8,https://boston.craigslist.org/nos/ofc/d/malden-office-manager/6790249212.html
293,Administrative Assistant, (Norwell),Jan  8,https://boston.craigslist.org/sob/ofc/d/norwell-administrative-assistant/6790206332.html
294,Adminstrative Assistant," (Waltham, MA)",Jan  8,https://boston.craigslist.org/bmw/ofc/d/waltham-adminstrative-assistant/6790201248.html
295,Administrative Assistant," (Boston, MA)",Jan  8,https://boston.craigslist.org/gbs/ofc/d/boston-administrative-assistant/6790191896.html
296,Temp to Hire Administrative Assistant, (Boston: Boston/Cambridge/Brookline),Jan  8,https://boston.craigslist.org/gbs/ofc/d/boston-temp-to-hire-administrative/6790177725.html
297,Executive Coordinator, (Boston: Boston/Cambridge/Brookline),Jan  8,https://boston.craigslist.org/gbs/ofc/d/boston-executive-coordinator/6790177667.html
298,Client Services Analyst, (Waltham),Jan  8,https://boston.craigslist.org/gbs/ofc/d/waltham-client-services-analyst/6790177616.html
299,Temp to Hire Administrative Assistant, (Boston: Boston/Cambridge/Brookline),Jan  8,https://boston.craigslist.org/gbs/ofc/d/boston-temp-to-hire-administrative/6790177529.html
300,Administrative Coordinator," (Boston, MA)",Jan  8,https://boston.craigslist.org/gbs/ofc/d/boston-administrative-coordinator/6790157148.html
301,Collection Agency - Call Center $13 -  $35 an hour to start, (Wobun),Jan  8,https://boston.craigslist.org/gbs/ofc/d/woburn-collection-agency-call-centeran/6790144564.html
302,Biotech Needs Executive Admin ASAP- up to $85k!," (Lexington, MA)",Jan  8,https://boston.craigslist.org/nos/ofc/d/lexington-biotech-needs-executive-admin/6790111886.html
303,Service Admin for Full Service HVAC Company,N/A,Jan  8,https://boston.craigslist.org/sob/ofc/d/norwood-service-admin-for-full-service/6790097039.html
304,Financial Aid/ Admin Assistant, (Woburn),Jan  8,https://boston.craigslist.org/nwb/ofc/d/woburn-financial-aid-admin-assistant/6790061022.html
305,Lease Administration Analyst, (Woburn),Jan  8,https://boston.craigslist.org/gbs/ofc/d/woburn-lease-administration-analyst/6790060609.html
306,Executive Administrator,N/A,Jan  8,https://boston.craigslist.org/gbs/ofc/d/boston-executive-administrator/6790045618.html
307,Russian-speaking Receptionist / Front Desk Ambassador, (Newton),Jan  8,https://boston.craigslist.org/gbs/ofc/d/newton-highlands-russian-speaking/6789970190.html
308,Receptionist needed for a Biotech in Waltham!," (Waltham, MA)",Jan  8,https://boston.craigslist.org/nos/ofc/d/waltham-receptionist-needed-for-biotech/6789969657.html
309,Admin Warranty Department, (Woburn),Jan  8,https://boston.craigslist.org/gbs/ofc/d/woburn-admin-warranty-department/6789937721.html
310,Tech Startup Needs Admin Assistant ASAP- up to $50k," (Cambridge, MA)",Jan  8,https://boston.craigslist.org/gbs/ofc/d/boston-tech-startup-needs-admin/6789931568.html
311,Dental Patient Coordinator, (Waltham),Jan  8,https://boston.craigslist.org/bmw/ofc/d/waltham-dental-patient-coordinator/6789931459.html
312,Operations Administrator, (Foxboro),Jan  8,https://boston.craigslist.org/gbs/ofc/d/foxboro-operations-administrator/6789908679.html
313,"Immediate Opening for Data Entry Associate in Watertown, MA"," (Watertown, MA)",Jan  8,https://boston.craigslist.org/gbs/ofc/d/watertown-immediate-opening-for-data/6789907082.html
314,Shipping Support Agent, (ROSLINDALE),Jan  8,https://boston.craigslist.org/gbs/ofc/d/roslindale-shipping-support-agent/6789885673.html
315,Receptionist/Office Assistant P/T, (Brighton),Jan  8,https://boston.craigslist.org/gbs/ofc/d/receptionist-office-assistant-t/6789872832.html
316,Customer Service/Office Help Needed, (Canton),Jan  8,https://boston.craigslist.org/sob/ofc/d/dedham-customer-service-office-help/6789840243.html
317,Human Resources Coordinator,N/A,Jan  8,https://boston.craigslist.org/gbs/ofc/d/boston-human-resources-coordinator/6789818413.html
318,Part-time Administrative Assistant, (Boston: Boston/Cambridge/Brookline),Jan  8,https://boston.craigslist.org/gbs/ofc/d/boston-part-time-administrative/6789804586.html
319,Seeking HGTV-Loving Admin Assistant for Family RE Business," (Somerville, MA)",Jan  8,https://boston.craigslist.org/gbs/ofc/d/somerville-seeking-hgtv-loving-admin/6789784799.html
320,Executive Administrative Assistant, (Cambridge),Jan  8,https://boston.craigslist.org/gbs/ofc/d/cambridge-executive-administrative/6789769640.html
321,Front Desk Manager, (Boston),Jan  8,https://boston.craigslist.org/gbs/ofc/d/front-desk-manager/6789769075.html
322,Administrative Professional with 6+ Years of Experience Needed, (Cambridge),Jan  8,https://boston.craigslist.org/gbs/ofc/d/cambridge-administrative-professional/6789755860.html
323,Administrative Assistant," (Nashua, NH)",Jan  8,https://boston.craigslist.org/gbs/ofc/d/nashua-administrative-assistant/6789741447.html
324,HIRING EVENT FOR CALL CENTER/CUSTOMER SERVICE!, (Woburn),Jan  8,https://boston.craigslist.org/nwb/ofc/d/woburn-hiring-event-for-call-center/6789729056.html
325,Administrative Assistant, (Boston: Boston/Cambridge/Brookline),Jan  7,https://boston.craigslist.org/gbs/ofc/d/cambridge-administrative-assistant/6789537430.html
326,Customer Service Analyst, (Waltham),Jan  7,https://boston.craigslist.org/gbs/ofc/d/waltham-customer-service-analyst/6789492647.html
327,Rockstar Executive Assistant Needed at Booming Construction Company," (Brighton, MA)",Jan  7,https://boston.craigslist.org/gbs/ofc/d/boston-rockstar-executive-assistant/6789365848.html
328,Entry Level HR," (Newton Highlands, MA)",Jan  7,https://boston.craigslist.org/gbs/ofc/d/newton-highlands-entry-level-hr/6789343741.html
329,HIRING EVENT FOR CALL CENTER/CUSTOMER SERVICE!, (Woburn),Jan  7,https://boston.craigslist.org/nos/ofc/d/woburn-hiring-event-for-call-center/6789323848.html
330,Executive Assistant - First Hire to CEO in Biotech Office!," (Cambridge, MA)",Jan  7,https://boston.craigslist.org/gbs/ofc/d/cambridge-executive-assistant-first/6789322969.html
331,Biotech Needs Executive Admin- up to $110k!!," (Cambridge, MA)",Jan  7,https://boston.craigslist.org/nos/ofc/d/boston-biotech-needs-executive-admin-up/6789291169.html
332,Executive Assistant Needed for Growing Biotech - up to $90k!," (Cambridge, MA)",Jan  7,https://boston.craigslist.org/nos/ofc/d/boston-executive-assistant-needed-for/6789291157.html
333,Data Entry / General Office Help, (Woburn),Jan  7,https://boston.craigslist.org/gbs/ofc/d/woburn-data-entry-general-office-help/6789208683.html
334,Administrative Executive Assistant to 60K, (Boston: Boston/Cambridge/Brookline),Jan  7,https://boston.craigslist.org/gbs/ofc/d/boston-administrative-executive/6789207985.html
335,Senior Administrative Assistant, (Boston: Boston/Cambridge/Brookline),Jan  7,https://boston.craigslist.org/gbs/ofc/d/cambridge-senior-administrative/6789207886.html
336,Temp to Hire Administrative Assistant, (Boston: Boston/Cambridge/Brookline),Jan  7,https://boston.craigslist.org/gbs/ofc/d/boston-temp-to-hire-administrative/6789207861.html
337,ASSISTANT TO THEATER/FILM EXECUTIVE (Immediate need),N/A,Jan  7,https://boston.craigslist.org/gbs/ofc/d/belmont-assistant-to-theater-film/6789148931.html
338,property mgmt /admin/Marketing  Part Time., (Needham),Jan  7,https://boston.craigslist.org/bmw/ofc/d/needham-property-mgmt-admin-marketing/6789028542.html
339,Academic Institution Seeks Project Assistant / Executive Assistant," (Cambridge, MA)",Jan  7,https://boston.craigslist.org/gbs/ofc/d/cambridge-academic-institution-seeks/6789008280.html
340,"Part time BU, NE,BCB, Berklee, or Simmons Student Assistant Wanted NOW", (Fenway/Kenmore),Jan  7,https://boston.craigslist.org/gbs/ofc/d/part-time-bu-nebcb-berklee-or-simmons/6789008223.html
341,Part Time Medical Receptionist, (Winchester),Jan  7,https://boston.craigslist.org/gbs/ofc/d/winchester-part-time-medical/6788979373.html
342,HIRING EVENT FOR CALL CENTER/CUSTOMER SERVICE!, (Woburn),Jan  7,https://boston.craigslist.org/nwb/ofc/d/woburn-hiring-event-for-call-center/6788949307.html
343,Receptionist-(Part-time) $13-14.50 per hr depending on experience, (Brockton),Jan  7,https://boston.craigslist.org/sob/ofc/d/receptionist-part-timeper-hr-depending/6788946951.html
344,Administrative Assistant/Proofreader, (Waltham),Jan  7,https://boston.craigslist.org/gbs/ofc/d/waltham-administrative-assistant/6788945869.html
345,Dental Business Team / Insurance Processor,N/A,Jan  7,https://boston.craigslist.org/nos/ofc/d/dental-business-team-insurance-processor/6788934707.html
346,Admin Assistant to Office manager," (Beverly, MA)",Jan  7,https://boston.craigslist.org/nos/ofc/d/admin-assistant-to-office-manager/6788916238.html
347,Strategic Leader Needed for our Operations/Admin Team!," (Boston, MA)",Jan  7,https://boston.craigslist.org/gbs/ofc/d/boston-strategic-leader-needed-for-our/6788907087.html
348,Experienced EA - Comp to $75/k,N/A,Jan  7,https://boston.craigslist.org/gbs/ofc/d/boston-experienced-ea-comp-to-75/6788896884.html
349,Experienced Dental Office Front Desk Receptionist, (Waltham),Jan  7,https://boston.craigslist.org/bmw/ofc/d/waltham-experienced-dental-office-front/6788884934.html
350,Administrative  Office Assistant needed, (Framingham),Jan  7,https://boston.craigslist.org/bmw/ofc/d/framingham-administrative-office/6788872295.html
351,Office Assistant, (Woburn),Jan  7,https://boston.craigslist.org/gbs/ofc/d/woburn-office-assistant/6788863254.html
352,Creative Salon Coordinator Needed for Innovative Salon, (South End),Jan  7,https://boston.craigslist.org/gbs/ofc/d/boston-creative-salon-coordinator/6788854052.html
353,Bilingual Spanish Front Desk Receptionist, (Boston (Dorchester)),Jan  6,https://boston.craigslist.org/gbs/ofc/d/boston-bilingual-spanish-front-desk/6788760648.html
354,Legal Assistant, (Cambridge),Jan  6,https://boston.craigslist.org/gbs/ofc/d/cambridge-legal-assistant/6788634092.html
355,4 day work week service advisor Will train, (Norwood),Jan  6,https://boston.craigslist.org/gbs/ofc/d/westwood-4-day-work-week-service/6788400113.html
356,Front Desk Receptionist: Part-time, (Belmont),Jan  5,https://boston.craigslist.org/gbs/ofc/d/cambridge-front-desk-receptionist-part/6788041589.html
357,Executive Assistant, (Auburndale),Jan  5,https://boston.craigslist.org/gbs/ofc/d/auburndale-executive-assistant/6787903813.html
358,HIRING EVENT FOR CALL CENTER/CUSTOMER SERVICE!, (Woburn),Jan  5,https://boston.craigslist.org/nos/ofc/d/woburn-hiring-event-for-call-center/6787848449.html
359,Assistant Office Manager -Full Time, (Tyngsboro MA),Jan  5,https://boston.craigslist.org/nwb/ofc/d/assistant-office-manager-full-time/6787470846.html
360,Licensing Analyst," (Boston, MA)",Jan  5,https://boston.craigslist.org/gbs/ofc/d/boston-licensing-analyst/6787432971.html
361,Executive Administrative Assistant to Founder/CEO," (Dorchester, MA)",Jan  5,https://boston.craigslist.org/gbs/ofc/d/boston-executive-administrative/6787411203.html
362,Customer Service Administrator-Dispatcher, (Sharon),Jan  4,https://boston.craigslist.org/sob/ofc/d/sharon-customer-service-administrator/6787296517.html
363,Sales Support Administrator - 2604BR," (Waltham, MA)",Jan  4,https://boston.craigslist.org/gbs/ofc/d/waltham-sales-support-administrator/6787263569.html
364,Office/Marketing Administrator - 2604BR," (Waltham, MA)",Jan  4,https://boston.craigslist.org/gbs/ofc/d/waltham-office-marketing-administrator/6787262575.html
365,Hospital Console telephone operator positions, (Boston),Jan  4,https://boston.craigslist.org/gbs/ofc/d/boston-hospital-console-telephone/6787226303.html
366,Administrative Assistant - Medical, (Norwell),Jan  4,https://boston.craigslist.org/sob/ofc/d/accord-administrative-assistant-medical/6787164932.html
367,Data Entry Operator, (Waltham),Jan  4,https://boston.craigslist.org/gbs/ofc/d/waltham-data-entry-operator/6787163941.html
368,secretary/ office manager, (Methuen),Jan  4,https://boston.craigslist.org/nwb/ofc/d/methuen-secretary-office-manager/6787156270.html
369,Data entry, (Westwood),Jan  4,https://boston.craigslist.org/bmw/ofc/d/norwood-data-entry/6787110280.html
370,Receptionist / Admin," (Stoughton, MA)",Jan  4,https://boston.craigslist.org/sob/ofc/d/stoughton-receptionist-admin/6787095174.html
371,*****OFFICE MANAGER*****, (BOSTON),Jan  4,https://boston.craigslist.org/gbs/ofc/d/housatonic-office-manager/6787079590.html
372,Documentation Specialist, (Wellesley),Jan  4,https://boston.craigslist.org/bmw/ofc/d/wellesley-documentation-specialist/6787077615.html
373,Medical Deficient Chart Specialist, (Bedford),Jan  4,https://boston.craigslist.org/bmw/ofc/d/pinehurst-medical-deficient-chart/6787074382.html
374,Assistant Property Manager," (Boston, MA)",Jan  4,https://boston.craigslist.org/gbs/ofc/d/boston-assistant-property-manager/6787065566.html
375,"Office Aide, Entry Level Role", (Watertown),Jan  4,https://boston.craigslist.org/nos/ofc/d/office-aide-entry-level-role/6787064589.html
376,Full Time Homecare Program Coordinator/Bi-lingual," (Newton, MA)",Jan  4,https://boston.craigslist.org/gbs/ofc/d/full-time-homecare-program-coordinator/6787060990.html
377,C-Suite Executive Assistant, (Boston),Jan  4,https://boston.craigslist.org/gbs/ofc/d/suite-executive-assistant/6787058571.html
378,Administrative Assistant/Faculty Support,N/A,Jan  4,https://boston.craigslist.org/gbs/ofc/d/cambridge-administrative-assistant/6787057613.html
379,Office Manager - Temp to Perm, (Boston: Boston/Cambridge/Brookline),Jan  4,https://boston.craigslist.org/gbs/ofc/d/boston-office-manager-temp-to-perm/6787052375.html
380,Part Time Events Assistant, (Watertown),Jan  4,https://boston.craigslist.org/gbs/ofc/d/watertown-part-time-events-assistant/6787052337.html
381,Bookkeeper/Accountant Assistant," (North Station, Boston, MA)",Jan  4,https://boston.craigslist.org/gbs/ofc/d/bookkeeper-accountant-assistant/6787038174.html
382,"Are You Crew, Not Passenger?  Sales & Office Support", (Franklin),Jan  4,https://boston.craigslist.org/bmw/ofc/d/franklin-are-you-crew-not-passenger/6787016758.html
383,Administrative Assistant,N/A,Jan  4,https://boston.craigslist.org/gbs/ofc/d/boston-administrative-assistant/6786999508.html
384,Office Coordinator, (North Andover),Jan  4,https://boston.craigslist.org/nos/ofc/d/north-andover-office-coordinator/6786991948.html
385,PT Office Help, (Canton),Jan  4,https://boston.craigslist.org/sob/ofc/d/pt-office-help/6786962306.html
386,Seeking an Ambitious Executive Assistant! Biotech!," (Waltham, MA)",Jan  4,https://boston.craigslist.org/gbs/ofc/d/waltham-seeking-an-ambitious-executive/6786961218.html
387,HIRING EVENT FOR CALL CENTER/CUSTOMER SERVICE!, (Woburn),Jan  4,https://boston.craigslist.org/nwb/ofc/d/woburn-hiring-event-for-call-center/6786948911.html
388,Temporary Receptionist, (Wakefield),Jan  4,https://boston.craigslist.org/gbs/ofc/d/wakefield-temporary-receptionist/6786938024.html
389,Lead Receptionist / Finance + Registry Assistant --Acura of Peabody," (PEABODY, MA)",Jan  4,https://boston.craigslist.org/nos/ofc/d/peabody-lead-receptionist-finance/6786925448.html
390,Virtual Executive Assistant,N/A,Jan  4,https://boston.craigslist.org/gbs/ofc/d/san-francisco-virtual-executive/6786905768.html
391,Part Time Receptionist (Main Street Architects), (25 Mathewson Dr. Weymouth),Jan  4,https://boston.craigslist.org/gbs/ofc/d/weymouth-part-time-receptionist-main/6786876059.html
392,Accounts Receivable/Administrator," (Westwood, MA)",Jan  4,https://boston.craigslist.org/bmw/ofc/d/westwood-accounts-receivable/6786838403.html
393,Front Desk Receptionist: Full-Time," (Belmont, MA)",Jan  4,https://boston.craigslist.org/gbs/ofc/d/cambridge-front-desk-receptionist-full/6786823613.html
394,Real Estate Administrative Assistant (Hourly/Full Time), (Charlestown),Jan  4,https://boston.craigslist.org/gbs/ofc/d/charlestown-real-estate-administrative/6786814033.html
395,PERSONAL LINES INSURANCE ACCOUNT MANAGER, (NORWOOD),Jan  4,https://boston.craigslist.org/sob/ofc/d/norwood-personal-lines-insurance/6786801658.html
396,HR Operations and Office Assistant, (Greater Boston),Jan  4,https://boston.craigslist.org/gbs/ofc/d/boston-hr-operations-and-office/6786765815.html
397,Automotive Deal Clerk - Part Time and Flexible Schedule - Volvo Toyota,N/A,Jan  4,https://boston.craigslist.org/nwb/ofc/d/haverhill-automotive-deal-clerk-part/6786738606.html
398,"Temporary Data Entry Specialist Needed in Middleton, MA!", (Middleton),Jan  4,https://boston.craigslist.org/nos/ofc/d/middleton-temporary-data-entry/6786707985.html
399,Customer Service / Data Entry, (medford),Jan  4,https://boston.craigslist.org/nos/ofc/d/medford-customer-service-data-entry/6786702764.html
400,Receptionist, (Billerica),Jan  4,https://boston.craigslist.org/nwb/ofc/d/nutting-lake-receptionist/6786685024.html
401,P/T Office Assistant," (Burlington, MA)",Jan  4,https://boston.craigslist.org/nwb/ofc/d/burlington-t-office-assistant/6786660263.html
402,Administrative Assistant/Proofreader, (Waltham),Jan  4,https://boston.craigslist.org/bmw/ofc/d/waltham-administrative-assistant/6786647201.html
403,Executive Assistant to the CEO, (Boston),Jan  4,https://boston.craigslist.org/gbs/ofc/d/executive-assistant-to-the-ceo/6786609543.html
404,Kitchen Cabinets design/ sales, (Marlborough),Jan  4,https://boston.craigslist.org/bmw/ofc/d/kitchen-cabinets-design-sales/6786582176.html
405,Scheduler & Recruiter (SR), (Boston),Jan  3,https://boston.craigslist.org/gbs/ofc/d/boston-scheduler-recruiter-sr/6786352522.html
406,Executive Assistant and Office Manager, (Boston),Jan  3,https://boston.craigslist.org/gbs/ofc/d/boston-executive-assistant-and-office/6786345231.html
407,Temporary Administrative Assistant in HR, (Waltham),Jan  3,https://boston.craigslist.org/gbs/ofc/d/waltham-temporary-administrative/6786256467.html
408,Development Assistant needed at a university in Cambridge, (Cambridge),Jan  3,https://boston.craigslist.org/gbs/ofc/d/cambridge-development-assistant-needed/6786199096.html
409,Recruiting Coordinator, (Boston),Jan  3,https://boston.craigslist.org/gbs/ofc/d/boston-recruiting-coordinator/6786192377.html
410,Executive Assistant to the Director of Research, (Boston),Jan  3,https://boston.craigslist.org/gbs/ofc/d/executive-assistant-to-the-director-of/6786191159.html
411,Special Events Coordinator,N/A,Jan  3,https://boston.craigslist.org/gbs/ofc/d/cambridge-special-events-coordinator/6786190279.html
412,Support/Administrative Staff Needed For Consulting Firm," (Needham Heights, MA)",Jan  3,https://boston.craigslist.org/bmw/ofc/d/needham-support-administrative-staff/6786188375.html
413,$20/hr - Part Time Admin for Small Software Business," (Concord, MA)",Jan  3,https://boston.craigslist.org/nwb/ofc/d/concord-20-hr-part-time-admin-for-small/6786186126.html
414,General Office Clerk, (Tyngsboro),Jan  3,https://boston.craigslist.org/nwb/ofc/d/tyngsboro-general-office-clerk/6786168160.html
415,Pro shop manager, (Wellesley Ma),Jan  3,https://boston.craigslist.org/bmw/ofc/d/wellesley-hills-pro-shop-manager/6786114647.html
416,HR Admin / Specialist - 1 Month Contract, (Waltham MA),Jan  3,https://boston.craigslist.org/bmw/ofc/d/waltham-hr-admin-specialist-1-month/6786105398.html
417,Marketing and Administration, (Newton Centre),Jan  3,https://boston.craigslist.org/gbs/ofc/d/newton-center-marketing-and/6786059864.html
418,Receptionist Secretary," (Peabody, MA)",Jan  3,https://boston.craigslist.org/nos/ofc/d/peabody-receptionist-secretary/6786046279.html
419,Office Coordinator,N/A,Jan  3,https://boston.craigslist.org/gbs/ofc/d/boston-office-coordinator/6786033937.html
420,Full-Time Assistant Wanted For A Busy Marketing Executive, (Westford),Jan  3,https://boston.craigslist.org/nwb/ofc/d/westford-full-time-assistant-wanted-for/6785962106.html
421,Front Desk Receptionist, (Norwood),Jan  3,https://boston.craigslist.org/sob/ofc/d/norwood-front-desk-receptionist/6785961792.html
422,"Clerical Assistant, ED Billing"," (Bedford, MA)",Jan  3,https://boston.craigslist.org/bmw/ofc/d/clerical-assistant-ed-billing/6785956926.html
423,Admin," (27 Lincoln St, Newton)",Jan  3,https://boston.craigslist.org/bmw/ofc/d/newton-highlands-admin/6785949562.html
424,Dental Office looking to Train dental assistant-not recruiting company,N/A,Jan  3,https://boston.craigslist.org/nos/ofc/d/boston-dental-office-looking-to-train/6785933309.html
425,Receptionist- Full Time," (Newton, , MA)",Jan  3,https://boston.craigslist.org/gbs/ofc/d/newton-receptionist-full-time/6785927163.html
426,Office Administrator,N/A,Jan  3,https://boston.craigslist.org/gbs/ofc/d/boston-office-administrator/6785879277.html
427,Standardized Test Proctor," (Nonantum, Newton)",Jan  3,https://boston.craigslist.org/bmw/ofc/d/standardized-test-proctor/6785875048.html
428,Administrative Assistant, (Malden),Jan  3,https://boston.craigslist.org/nos/ofc/d/malden-administrative-assistant/6785872603.html
429,Office Administrator, (Hanover),Jan  3,https://boston.craigslist.org/sob/ofc/d/hanover-office-administrator/6785844483.html
430,Receptionist needed for a Biotech in Waltham!," (Waltham, MA)",Jan  3,https://boston.craigslist.org/nos/ofc/d/waltham-receptionist-needed-for-biotech/6785840905.html
431,P/T Office Assistant," (Wilmington, MA)",Jan  3,https://boston.craigslist.org/nwb/ofc/d/wilmington-t-office-assistant/6785808631.html
432,HIRING EVENT FOR CALL CENTER/CUSTOMER SERVICE!, (Woburn),Jan  3,https://boston.craigslist.org/nos/ofc/d/woburn-hiring-event-for-call-center/6785802146.html
433,Executive Assistant, (Boston),Jan  3,https://boston.craigslist.org/gbs/ofc/d/executive-assistant/6785797823.html
434,Receptionist for High End Financial Firm in Post Office Square!,N/A,Jan  3,https://boston.craigslist.org/gbs/ofc/d/boston-receptionist-for-high-end/6785785380.html
435,Medical Office Receptionist,N/A,Jan  3,https://boston.craigslist.org/gbs/ofc/d/medical-office-receptionist/6785763686.html
436,Part-time Administrative Assistant, (Boston: Boston/Cambridge/Brookline),Jan  2,https://boston.craigslist.org/gbs/ofc/d/boston-part-time-administrative/6785519404.html
437,Bilingual Client Services Analyst, (Waltham),Jan  2,https://boston.craigslist.org/gbs/ofc/d/waltham-bilingual-client-services/6785519372.html
438,Executive Assistant to 80K - Opportunity to work in academia!, (Boston: Boston/Cambridge/Brookline),Jan  2,https://boston.craigslist.org/gbs/ofc/d/boston-executive-assistant-to-80k/6785473662.html
439,Adminstrative Assistant, (Boston),Jan  2,https://boston.craigslist.org/gbs/ofc/d/boston-adminstrative-assistant/6785426353.html
440,Office Assistant,N/A,Jan  2,https://boston.craigslist.org/gbs/ofc/d/boston-office-assistant/6785414445.html
441,Accounts payable assistant -, (NATICK),Jan  2,https://boston.craigslist.org/bmw/ofc/d/natick-accounts-payable-assistant/6785408042.html
442,Administrative / Office Assistant,N/A,Jan  2,https://boston.craigslist.org/sob/ofc/d/administrative-office-assistant/6785391363.html
443,Office manager, (232 Pond St unit 3),Jan  2,https://boston.craigslist.org/bmw/ofc/d/natick-office-manager/6785382465.html
444,Office Manager - Meadhall, (Kendall Sq - Cambridge),Jan  2,https://boston.craigslist.org/gbs/ofc/d/cambridge-office-manager-meadhall/6785373615.html
445,Office Services Clerk - Law Firm (R0006224)," (Boston, MA)",Jan  2,https://boston.craigslist.org/gbs/ofc/d/boston-office-services-clerk-law-firm-r/6785373468.html
446,Client Services Representative, (MARSHFIELD),Jan  2,https://boston.craigslist.org/sob/ofc/d/marshfield-hills-client-services/6785371066.html
447,Temporary Facilities/Office Manager, (Boston: Boston/Cambridge/Brookline),Jan  2,https://boston.craigslist.org/gbs/ofc/d/boston-temporary-facilities-office/6785364970.html
448,Temporary Research Administration Manager, (Boston: Boston/Cambridge/Brookline),Jan  2,https://boston.craigslist.org/gbs/ofc/d/boston-temporary-research/6785364930.html
449,Executive Administrative Assistant to the Director, (Cambridge - Red Line MBTA),Jan  2,https://boston.craigslist.org/gbs/ofc/d/cambridge-executive-administrative/6785359122.html
450,Dental Insurance and billing Coordinator, (West Roxbury),Jan  2,https://boston.craigslist.org/gbs/ofc/d/west-roxbury-dental-insurance-and/6785343310.html
451,OFFICE FILE CLERK (part time)," (ALLSTON, MA)",Jan  2,https://boston.craigslist.org/gbs/ofc/d/allston-office-file-clerk-part-time/6785299074.html
452,Downtown Biotech Needs Admin Coordinator- up to $50k," (Boston, MA)",Jan  2,https://boston.craigslist.org/gbs/ofc/d/boston-downtown-biotech-needs-admin/6785295073.html
453,Receptionist/Office Administration (full-time with benefits), (North Andover),Jan  2,https://boston.craigslist.org/nos/ofc/d/north-andover-receptionist-office/6785284209.html
454,Client Service Representatives, (Quincy),Jan  2,https://boston.craigslist.org/sob/ofc/d/quincy-client-service-representatives/6785281925.html
455,Customer Service / General office, (Manchester By The Sea),Jan  2,https://boston.craigslist.org/nos/ofc/d/manchester-customer-service-general/6785265011.html
456,Front Desk temp at a Dance Studio, (Natick),Jan  2,https://boston.craigslist.org/bmw/ofc/d/natick-front-desk-temp-at-dance-studio/6785219559.html
457,Executive Assistant Needed for Growing Biotech - up to $90k!," (Boston, MA)",Jan  2,https://boston.craigslist.org/nos/ofc/d/boston-executive-assistant-needed-for/6785185069.html
458,Automotive Accounting Pro!," (Woburn, MA)",Jan  2,https://boston.craigslist.org/gbs/ofc/d/automotive-accounting-pro/6785099182.html
459,Commercial Loan Administrator, (Peabody),Jan  2,https://boston.craigslist.org/nos/ofc/d/peabody-commercial-loan-administrator/6785094347.html
460,Administrative Assistant,N/A,Jan  2,https://boston.craigslist.org/gbs/ofc/d/boston-administrative-assistant/6785074251.html
461,Admin needed, (Beverly Ma),Jan  2,https://boston.craigslist.org/nos/ofc/d/beverly-admin-needed/6785066243.html
462,Data Processing Associate, (Chelsea),Jan  2,https://boston.craigslist.org/nos/ofc/d/chelsea-data-processing-associate/6785026930.html
463,Commercial Lines Assistant Underwriter (Entry Level)," (Southborough, MA)",Jan  2,https://boston.craigslist.org/gbs/ofc/d/southborough-commercial-lines-assistant/6785017414.html
464,Bilingual - Administrative Assistant, (Brighton),Jan  2,https://boston.craigslist.org/gbs/ofc/d/allston-bilingual-administrative/6785010031.html
465,Flooring Estimator, (Billerica),Jan  2,https://boston.craigslist.org/nwb/ofc/d/flooring-estimator/6784981443.html
466,Executive Assistant Needed for Booming Biotech - up to $100k!," (Cambridge, MA)",Jan  2,https://boston.craigslist.org/gbs/ofc/d/cambridge-executive-assistant-needed/6784980261.html
467,Client Service Representatives (Start as early as next week!), (Boston),Jan  2,https://boston.craigslist.org/gbs/ofc/d/boston-client-service-representatives/6784977586.html
468,Office Assistant,N/A,Jan  2,https://boston.craigslist.org/gbs/ofc/d/boston-office-assistant/6784977523.html
469,Assistant to CEO, (Boston),Jan  2,https://boston.craigslist.org/gbs/ofc/d/assistant-to-ceo/6784939971.html
470,VC Firm Seeks Driven Receptionist/Office Assistant," (Cambridge, MA)",Jan  2,https://boston.craigslist.org/gbs/ofc/d/cambridge-vc-firm-seeks-driven/6784930647.html
471,Administrative Assistant, (Lowell),Jan  1,https://boston.craigslist.org/gbs/ofc/d/lowell-administrative-assistant/6784778976.html
472,Administrative Assistant," (40 Washington Street, Wellesley, MA)",Jan  1,https://boston.craigslist.org/bmw/ofc/d/newton-lower-falls-administrative/6784619798.html
473,Administrative Assistant, (Boston: Boston/Cambridge/Brookline),Jan  1,https://boston.craigslist.org/gbs/ofc/d/boston-administrative-assistant/6784546372.html
474,Executive Assistant, (Boston: Boston/Cambridge/Brookline),Jan  1,https://boston.craigslist.org/gbs/ofc/d/boston-executive-assistant/6784546336.html
475,Executive Assistant, (Boston),Jan  1,https://boston.craigslist.org/gbs/ofc/d/boston-executive-assistant/6784483339.html
476,Part Time Estimator / Data Clerk," (Methuen, MA)",Dec 31,https://boston.craigslist.org/nwb/ofc/d/methuen-part-time-estimator-data-clerk/6784044933.html
477,Biotech Firm Seeks Receptionist! Recent Grads Welcome!," (Boston, MA)",Dec 31,https://boston.craigslist.org/gbs/ofc/d/boston-biotech-firm-seeks-receptionist/6783989504.html
478,Receptionist / Admin," (Stoughton, MA)",Dec 31,https://boston.craigslist.org/sob/ofc/d/stoughton-receptionist-admin/6783878924.html
479,Debt collector, (Westborough MA),Dec 31,https://boston.craigslist.org/bmw/ofc/d/southborough-debt-collector/6783858420.html
480,Paralegal/Exec Admin Asst, (Newton Upper Falls),Dec 31,https://boston.craigslist.org/gbs/ofc/d/newton-upper-falls-paralegal-exec-admin/6783763739.html
481,"120k ""Hands-On"" Executive Assistant Needed to Join Our Team!"," (Cambridge, MA)",Dec 29,https://boston.craigslist.org/gbs/ofc/d/cambridge-120k-hands-on-executive/6782993170.html
482,Fantastic OM/Administrative Assistant Opportunity!, (Boston),Dec 29,https://boston.craigslist.org/gbs/ofc/d/boston-fantastic-om-administrative/6782988819.html
483,"Route,Sales,Computer research", (WATERTOWN),Dec 29,https://boston.craigslist.org/bmw/ofc/d/watertown-routesalescomputer-research/6782947710.html
484,Operations Associate, (Financial District),Dec 28,https://boston.craigslist.org/gbs/ofc/d/boston-operations-associate/6782149409.html
485,Medical Executive Administrative Assistant,N/A,Dec 28,https://boston.craigslist.org/gbs/ofc/d/boston-medical-executive-administrative/6782123725.html
486,Boutique Law Firm Seeks Executive Assistant," (Boston, MA)",Dec 28,https://boston.craigslist.org/gbs/ofc/d/boston-boutique-law-firm-seeks/6782116694.html
487,Administrative Assistant," (Cambridge, MA)",Dec 28,https://boston.craigslist.org/gbs/ofc/d/cambridge-administrative-assistant/6782065928.html
488,Receptionist/Customer Service Representative,N/A,Dec 28,https://boston.craigslist.org/gbs/ofc/d/receptionist-customer-service/6782025623.html
489,Software Giant Seeks Executive Assistant For CEO!!," (Boston, MA)",Dec 28,https://boston.craigslist.org/gbs/ofc/d/boston-software-giant-seeks-executive/6782008293.html
490,Legal Assistant/Support Professional - Family Law," (Norfolk, MA)",Dec 28,https://boston.craigslist.org/bmw/ofc/d/norfolk-legal-assistant-support/6781994373.html
491,Lead Receptionist / Finance + Registry Assistant --Acura of Peabody," (PEABODY, MA)",Dec 28,https://boston.craigslist.org/nos/ofc/d/peabody-lead-receptionist-finance/6781890533.html
492,Bookkeeper/Office Manager, (Weymouth),Dec 28,https://boston.craigslist.org/sob/ofc/d/weymouth-bookkeeper-office-manager/6781849658.html
493,Accountant Position,N/A,Dec 28,https://boston.craigslist.org/sob/ofc/d/brockton-accountant-position/6781816058.html
494,Executive Assistant to the Chief of Medicine, (Boston),Dec 28,https://boston.craigslist.org/gbs/ofc/d/executive-assistant-to-the-chief-of/6781743963.html
495,University Front Desk Admin, (MBTA Red or Orange Line access),Dec 28,https://boston.craigslist.org/gbs/ofc/d/boston-university-front-desk-admin/6781742893.html
496,Admin Assistant Commercial Landscape Constr, (Weymouth),Dec 28,https://boston.craigslist.org/sob/ofc/d/weymouth-admin-assistant-commercial/6781719213.html
497,BOOKKEEPER/OFFICE ADMINISTRATOR," (BROCKTON, MA)",Dec 27,https://boston.craigslist.org/sob/ofc/d/west-bridgewater-bookkeeper-office/6781380761.html
498,Experienced Executive Assistant, (Boston),Dec 27,https://boston.craigslist.org/gbs/ofc/d/boston-experienced-executive-assistant/6781357766.html
499,School Receptionist, (Hingham MA),Dec 27,https://boston.craigslist.org/sob/ofc/d/hingham-school-receptionist/6781279013.html
500,Customer Service Representative,N/A,Dec 27,https://boston.craigslist.org/bmw/ofc/d/newton-customer-service-representative/6781218615.html
501,Account Rep/Bookkeeper, (South Shore),Dec 27,https://boston.craigslist.org/sob/ofc/d/account-rep-bookkeeper/6781201582.html
502,"Temporary Data Entry Specialist Needed in Middleton, MA!", (Middleton),Dec 27,https://boston.craigslist.org/nos/ofc/d/middleton-temporary-data-entry/6781136112.html
503,Event Sales Assistant (Entry Level), (Peabody),Dec 27,https://boston.craigslist.org/nos/ofc/d/peabody-event-sales-assistant-entry/6781105663.html
504,Seeking telemarketer - Short term position, (Dorchester),Dec 27,https://boston.craigslist.org/sob/ofc/d/boston-seeking-telemarketer-short-term/6781073238.html
505,Medical Assistant/Receptionist," (Waltham, MA)",Dec 27,https://boston.craigslist.org/gbs/ofc/d/waltham-medical-assistant-receptionist/6781026145.html
506,Higher Ed Administrative Assistant,N/A,Dec 27,https://boston.craigslist.org/gbs/ofc/d/boston-higher-ed-administrative/6780986289.html
507,Executive Assistant to the COO,N/A,Dec 27,https://boston.craigslist.org/gbs/ofc/d/boston-executive-assistant-to-the-coo/6780966722.html
508,Administrative Assistant /Customer Support & Sales Assistance Speciali, (Quincy),Dec 26,https://boston.craigslist.org/sob/ofc/d/administrative-assistant-customer/6780663522.html
509,"Seeking Systems-Savvy, HGTV-Loving Admin for Family RE Business"," (Somerville, MA)",Dec 26,https://boston.craigslist.org/gbs/ofc/d/somerville-seeking-systems-savvy-hgtv/6780652854.html
510,Customer Service - Evening shift 5:00 PM - 1:00 AM, (Watertown),Dec 26,https://boston.craigslist.org/gbs/ofc/d/nonantum-customer-service-evening-shift/6780619016.html
511,ORDER ENTRY/RECEPTIONIST," (WOBURN, MA AREA)",Dec 26,https://boston.craigslist.org/nos/ofc/d/order-entry-receptionist/6780614551.html
512,HIRING EVENT FOR CALL CENTER/CUSTOMER SERVICE!, (Woburn),Dec 26,https://boston.craigslist.org/nwb/ofc/d/woburn-hiring-event-for-call-center/6780582769.html
513,Automotive Accounting Pro!," (Woburn, MA)",Dec 26,https://boston.craigslist.org/gbs/ofc/d/automotive-accounting-pro/6780582523.html
514,Administrative Assistant, (Charlestown),Dec 26,https://boston.craigslist.org/gbs/ofc/d/charlestown-administrative-assistant/6780564490.html
515,Part-Time Professional Office Administrator," (Canton, MA)",Dec 26,https://boston.craigslist.org/sob/ofc/d/canton-part-time-professional-office/6780515843.html
516,Office Administrator, (Port Jefferson),Dec 26,https://boston.craigslist.org/sob/ofc/d/braintree-office-administrator/6780462691.html
517,Office Administrator/Manager, (Holbrook),Dec 26,https://boston.craigslist.org/sob/ofc/d/holbrook-office-administrator-manager/6780454073.html
518,Billing/Office Admin, (Eagle Elevator),Dec 26,https://boston.craigslist.org/gbs/ofc/d/billing-office-admin/6780434296.html
519,"Lockbox Processor (3rd Shift, Varied start times)", (Medford),Dec 26,https://boston.craigslist.org/gbs/ofc/d/lockbox-processor-3rd-shift-varied/6780399656.html
520,Administrative Assistant, (Gloucester),Dec 26,https://boston.craigslist.org/nos/ofc/d/gloucester-administrative-assistant/6780297038.html
521,TAX PREPARERS & OFFICE STAFF, (Lynn),Dec 26,https://boston.craigslist.org/nos/ofc/d/lynn-tax-preparers-office-staff/6780245554.html
522,Administrative Assistant for Real Estate Investment Company, (Beverly),Dec 25,https://boston.craigslist.org/nos/ofc/d/beverly-administrative-assistant-for/6779880339.html
523,*****Receptionist /Office/admin******FULL-TIME ****, (CHELSEA),Dec 24,https://boston.craigslist.org/nos/ofc/d/chelsea-receptionist-office-adminfull/6779757299.html
